/home/ubuntu/ares_v56_live/current/v55_live_autopilot_config.json.bak_20260401_150738	/home/ubuntu/ares_v56_live/current/v55_live_autopilot_config.json
/home/ubuntu/ares_releases/2026-02-17/ops/ops_champion_ssot.mjs.bak_20260401_150738	/home/ubuntu/ares_releases/2026-02-17/ops/ops_champion_ssot.mjs
/home/ubuntu/champion_alignment/ops_champion_ssot.mjs.bak_20260401_150738	/home/ubuntu/champion_alignment/ops_champion_ssot.mjs
/home/ubuntu/nextgen2/policy/unified_exposure.py.bak_20260401_150738	/home/ubuntu/nextgen2/policy/unified_exposure.py
/home/ubuntu/nextgen2/orchestrator.py.bak_20260401_150738	/home/ubuntu/nextgen2/orchestrator.py
/home/ubuntu/ARES-KIS-US-AUTOPILOT/ares-nextgen/nextgen2/strategy/drawdown/c1_regime_aware.py.bak_20260401_150738	/home/ubuntu/ARES-KIS-US-AUTOPILOT/ares-nextgen/nextgen2/strategy/drawdown/c1_regime_aware.py
/home/ubuntu/ares_v56_live/current/ares_v55_live_autopilot.py.bak_20260401_150738	/home/ubuntu/ares_v56_live/current/ares_v55_live_autopilot.py
/home/ubuntu/ares_releases/2026-02-17/equity-calculator.mjs.bak_20260401_150738	/home/ubuntu/ares_releases/2026-02-17/equity-calculator.mjs
/home/ubuntu/ares_v56_live/current/tc6x_config.json.bak_20260401_150738	/home/ubuntu/ares_v56_live/current/tc6x_config.json
/home/ubuntu/ares_releases/2026-02-17/live-trading-kis.mjs.bak_20260401_150738	/home/ubuntu/ares_releases/2026-02-17/live-trading-kis.mjs
/home/ubuntu/ARES-restore-v12_3/policy/regime_policy_v88A.json.bak_20260401_150738	/home/ubuntu/ARES-restore-v12_3/policy/regime_policy_v88A.json
/home/ubuntu/ssot/v8.7d/regime_policy_v88.json.bak_20260401_150738	/home/ubuntu/ssot/v8.7d/regime_policy_v88.json
/home/ubuntu/full_snapshot_v92/policy/regime_policy_v88A.json.bak_20260401_150738	/home/ubuntu/full_snapshot_v92/policy/regime_policy_v88A.json
/home/ubuntu/ssot/v8.7d/regime_policy_v88.json.bak_20260401_150738	/home/ubuntu/ssot/v8.7d/regime_policy_v88.json
