name	status	restarts	pid	pm_exec_path	pm_cwd
kis-token-service	online	4	2581573	/home/ubuntu/aub-trading-system/kis-token-service.mjs	/home/ubuntu/aub-trading-system
realtime-data-feed-v3	online	0	413866	/home/ubuntu/aub-trading-system/realtime-data-feed-v3.mjs	/home/ubuntu/aub-trading-system
ssot-writer-v2	online	3	433266	/home/ubuntu/aub-trading-system/ops/ssot_writer_v2.py	/home/ubuntu/aub-trading-system
final-trade-gate	online	2	2560792	/home/ubuntu/ares_current/guards/final-trade-gate.mjs	/home/ubuntu/ares_current
order-flow-governor	online	0	413926	/home/ubuntu/ares_work/order_flow_governor_v2.py	/home/ubuntu/ares_work
ares-final-trade-gate-v50-shadow	online	0	416650	/home/ubuntu/ares_current/guards/lib/ares_v50/final_trade_gate_v50_runner.mjs	/home/ubuntu/ares_current
ares-final-trade-gate-v50-active	online	0	416790	/home/ubuntu/ares_current/guards/lib/ares_v50/final_trade_gate_v50_runner.mjs	/home/ubuntu/ares_current
exposure-monitor	online	0	416869	/home/ubuntu/ares_current/external/exposure_monitor_v2.py	/home/ubuntu/ares_current
ares-final-trade-gate	online	0	424431	/home/ubuntu/aub-trading-system/ops/ares-final-trade-gate.mjs	/home/ubuntu/aub-trading-system
ares-report-reconciler	online	1	1729987	/home/ubuntu/aub-trading-system/ops/ares-report-reconciler.mjs	/home/ubuntu/aub-trading-system
ares-identity-registry	online	0	424800	/home/ubuntu/aub-trading-system/ops/ares-identity-registry.mjs	/home/ubuntu/aub-trading-system
ares-broker-truth-writer-v2	online	0	424863	/home/ubuntu/ares_current/ops/structural_v2/ares-broker-truth-writer-v2.mjs	/home/ubuntu/ares_current
ares-ssot-router-closure-v2	online	0	424927	/home/ubuntu/ares_current/ops/structural_v2/ares-ssot-router-closure-v2.mjs	/home/ubuntu/ares_current
ares-halt-reconciler-v2	online	1	1729834	/home/ubuntu/ares_current/ops/structural_v2/ares-halt-reconciler-v2.mjs	/home/ubuntu/ares_current
ares-ledger-reconciler-v2	online	1	1729863	/home/ubuntu/ares_current/ops/structural_v2/ares-ledger-reconciler-v2.mjs	/home/ubuntu/ares_current
go-nogo-judge-v2	online	1	1729937	/home/ubuntu/ares_current/go-nogo-judge-v2.mjs	/home/ubuntu/ares_current
kill-switch-authority	online	0	425115	/home/ubuntu/ares_current/kill-switch-authority.mjs	/home/ubuntu/ares_current
structural-integrity-guard	online	0	425142	/home/ubuntu/ares_current/structural-integrity-guard.mjs	/home/ubuntu/ares_current
position-sync-service	online	0	425169	/home/ubuntu/ares_current/external/position-sync-service.mjs	/home/ubuntu/ares_current
multi-source-regime-detector	online	0	425196	/home/ubuntu/ares_current/external/multi-source-regime-detector.mjs	/home/ubuntu/ares_current
regime-writer-v88	online	0	425223	/home/ubuntu/regime_writer_v88.mjs	/home/ubuntu
regime15-bridge	online	0	425250	/home/ubuntu/ares_current/external/regime15_bridge.mjs	/home/ubuntu/ares_current
v4-broker-raw-collector	online	0	425277	/home/ubuntu/ares_current/v4-shadow/v4_broker_raw_collector.mjs	/home/ubuntu/ares_current/v4-shadow
v4-broker-ledger-projector	online	0	425305	/home/ubuntu/ares_current/v4-shadow/v4_broker_ledger_projector.mjs	/home/ubuntu/ares_current/v4-shadow
v4-performance-verified-writer	online	0	425332	/home/ubuntu/ares_current/v4-shadow/v4_performance_verified_writer.mjs	/home/ubuntu/ares_current/v4-shadow
ares-upstream-ssot-router	online	0	425359	/home/ubuntu/ops/ares_upstream_ssot_router.py	/home/ubuntu/ops
ssot-source-owner-guard	online	0	425376	/home/ubuntu/ops/ssot_source_owner_guard.py	/home/ubuntu/ops
final-to-champion-bridge	online	18	1737723	/home/ubuntu/final-to-champion-bridge.mjs	/home/ubuntu
ssot-promote-v2	online	3	433275	/home/ubuntu/ares_current/ops/ssot_promote_v2.py	/home/ubuntu/ares_current
kis-balance-sync	online	0	425452	/etc/ares/bin/run_service.sh	/home/ubuntu/ares_current
execution-reconciler	online	0	425484	/etc/ares/bin/run_service.sh	/home/ubuntu/ares_current
watchdog-monitor	online	0	425521	/home/ubuntu/ares_current/watchdog-monitor.mjs	/home/ubuntu/ares_current
ssot-pipeline-guard	online	2	842564	/home/ubuntu/ares_current/external/ssot_pipeline_guard.py	/home/ubuntu/ares_current
self-healer	online	0	425629	/home/ubuntu/ares_current/self_healer.mjs	/home/ubuntu/ares_current
open-orders-sync	online	0	425684	/etc/ares/bin/run_service.sh	/var/snap/amazon-ssm-agent/13009
technical-indicator-writer-v2	online	0	425732	/etc/ares/bin/run_service.sh	/var/snap/amazon-ssm-agent/13009
pipeline-health-bridge	online	0	425763	/home/ubuntu/ares_current/external/pipeline_health_bridge.py	/home/ubuntu/ares_current
ops-dashboard-api	online	0	425780	/home/ubuntu/ares_current/dashboard/ops-dashboard-api.mjs	/home/ubuntu/ares_current
phased-transition-engine	online	0	425807	/home/ubuntu/ops/phased_transition_engine.mjs	/home/ubuntu/ops
rt-position-guard-v9	online	0	425834	/home/ubuntu/ares_current/external/rt_position_guard_v9.mjs	/home/ubuntu/ares_current
auto-recovery-sentinel	online	0	425861	/home/ubuntu/ares_current/services/auto-recovery-sentinel.mjs	/home/ubuntu/ares_current
regime-replicator	online	0	425888	/home/ubuntu/ares_current/services/regime-replicator.mjs	/home/ubuntu/ares_current
xgb-train-collector-v8	online	0	426010	/home/ubuntu/ares_current/ops/alpha_pipeline_v2/collect_train_data_v8.py	/home/ubuntu/ares_current
ops-health-snapshot	online	0	546431	/etc/ares/bin/run_service.sh	/home/ubuntu
ops-drift-analyzer	online	0	546434	/etc/ares/bin/run_service.sh	/home/ubuntu
ops-market-monitor	online	0	546437	/etc/ares/bin/run_service.sh	/home/ubuntu
ops-autorecovery	online	0	546440	/etc/ares/bin/run_service.sh	/home/ubuntu
pipeline-watchdog	online	0	546443	/etc/ares/bin/run_service.sh	/home/ubuntu
universe-sync-daemon	online	0	546446	/etc/ares/bin/run_service.sh	/home/ubuntu
guardian-self-audit	online	0	546449	/etc/ares/bin/run_service.sh	/home/ubuntu
chronos-ttl-canceller	online	0	546452	/etc/ares/bin/run_service.sh	/home/ubuntu
ares-structural-guardian	online	1	547152	/etc/ares/bin/run_service.sh	/home/ubuntu
ares-self-healing-guard	online	0	546458	/etc/ares/bin/run_service.sh	/home/ubuntu
ares-invariant-checker	online	0	546461	/etc/ares/bin/run_service.sh	/home/ubuntu
factor-engine	online	0	546464	/etc/ares/bin/run_service.sh	/home/ubuntu
gpu-crash-sentinel-live	online	5	2581601	/etc/ares/bin/run_service.sh	/home/ubuntu
gpu-market-feature-publisher	online	0	546470	/etc/ares/bin/run_service.sh	/home/ubuntu
gpu-operational-risk-guard	online	0	546473	/etc/ares/bin/run_service.sh	/home/ubuntu
safe-deployment-manager	online	0	546475	/etc/ares/bin/run_service.sh	/home/ubuntu
alpha-signal-scheduler	online	0	546485	/etc/ares/bin/run_service.sh	/home/ubuntu
alpha_prod_sec_stream	online	0	546488	/etc/ares/bin/run_service.sh	/home/ubuntu
ares-dashboard-v2	online	0	546493	/etc/ares/bin/run_service.sh	/home/ubuntu
ares-ssot-coverage-override	online	0	546494	/etc/ares/bin/run_service.sh	/home/ubuntu
schema-contract-guard	online	0	546503	/home/ubuntu/ares_current/ops/alpha_pipeline_v2/schema_contract_guard.mjs	/home/ubuntu/ares_current
staleness-halt-reconciler	online	0	546512	/home/ubuntu/ares_current/staleness_halt_reconciler.py	/home/ubuntu/ares_current
ares-guard-halt-ttl-enforcer	online	0	546520	/home/ubuntu/ares_fix/ares_guard_halt_ttl_enforcer.py	/home/ubuntu
v84-rcr-alert	stopped	0	0	/home/ubuntu/v84_rcr_alert.py	/home/ubuntu
regime-smoother	online	0	546532	/home/ubuntu/ares_current/external/regime_smoother.py	/home/ubuntu/ares_current
kis-ws-watchdog	online	0	546545	/home/ubuntu/ares_current/external/kis_ws_self_healing.py	/home/ubuntu/ares_current
atr-hard-stop	online	0	546551	/home/ubuntu/ares_current/external/atr_hard_stop.py	/home/ubuntu/ares_current
integrity-loop	online	0	546560	/home/ubuntu/ares_scripts/integrity_loop.sh	/home/ubuntu
data-gateway-health-publisher	online	0	546572	/home/ubuntu/ares_current/data_gateway_health_publisher.mjs	/home/ubuntu
equity-snapshot-mirror	online	0	546583	/home/ubuntu/equity_snapshot_mirror.py	/home/ubuntu
feat-v1-publisher	online	0	546588	/home/ubuntu/ares_current/ops/alpha_pipeline_v2/feat_v1_publisher.py	/home/ubuntu/ares_current
feat-v2-publisher	online	0	546602	/home/ubuntu/ares_current/ops/alpha_pipeline_v2/feat_v1_publisher_v2.py	/home/ubuntu/ares_current
heartbeat-sentinel	online	0	546609	/home/ubuntu/ares_current/heartbeat-sentinel.mjs	/home/ubuntu/ares_current
options-feature-collector	online	0	546613	/home/ubuntu/ares_current/ops/alpha_pipeline_v2/options_feature_collector.py	/home/ubuntu/ares_current
pm2-audit-logger	online	0	546628	/home/ubuntu/pm2_audit_logger.py	/home/ubuntu
price-feed-keepalive	online	0	546632	/home/ubuntu/ares_fix/price_feed_keepalive.mjs	/home/ubuntu
redis-schema-validator	online	0	546655	/home/ubuntu/redis_schema_validator.py	/home/ubuntu
kis-ccnl-truth-poller	online	0	546691	/home/ubuntu/services/kis-ccnl-truth-poller/kis_ccnl_truth_poller_v1.mjs	/home/ubuntu/services/kis-ccnl-truth-poller
broker-truth-writer-v2	online	0	546699	/home/ubuntu/ares_current/ops/structural_v2/ares-broker-truth-writer-v2.mjs	/home/ubuntu/ares_current
v84-alarm-router	online	0	546712	/home/ubuntu/v84_alarm_router.py	/home/ubuntu
ares-bootstrap-override-daemon	online	0	546727	/home/ubuntu/ares_current/scripts/ares-bootstrap-override-daemon.mjs	/home/ubuntu
redis-env-sentinel	online	0	546731	/home/ubuntu/ares_fix/redis_env_sentinel.mjs	/home/ubuntu/ares_fix
shadow-balance-key-manager	online	0	546737	/home/ubuntu/shadow_balance_key_manager.py	/home/ubuntu
ares-runtime-guard	online	0	546754	/home/ubuntu/ares_current/services/ares-runtime-guard.mjs	/home/ubuntu/ares_current
ares-system-invariant-checker	online	0	546765	/home/ubuntu/ares_current/services/ares-system-invariant-checker.mjs	/home/ubuntu/ares_current
circuit-breaker-daemon	online	0	546784	/home/ubuntu/ares_current/circuit_breaker.py	/home/ubuntu/ares_current
data-freshness-enforcer	online	0	546791	/home/ubuntu/ares_current/services/ares-data-freshness-enforcer.mjs	/home/ubuntu/ares_current
flapping-detector	online	0	546808	/home/ubuntu/ares_current/external/flapping_detector_v2.py	/home/ubuntu/ares_current
regime-consensus-engine	online	0	546817	/home/ubuntu/ares_current/external/regime_consensus_engine_v2.mjs	/home/ubuntu/ares_current
order-intent-executor	online	0	546818	/etc/ares/bin/run_service.sh	/home/ubuntu/ares_current
ram26-daily-feature-publisher	stopped	0	0	/home/ubuntu/ares_current/engines/ram26/ram26_daily_feature_publisher_prod_v1.py	/home/ubuntu/ares_scripts/ram26_feature_pipeline_unblock_patch_kit_v1
ram26-market-signal-adapter	online	0	815310	/home/ubuntu/ares_current/engines/ram26/ram26_market_signal_adapter_session_v2.py	/home/ubuntu/open009_kit/v1
ares-standard-validator	online	9	1798718	/home/ubuntu/ares_current/validators/ram26_standard_validator_v1.mjs	/home/ubuntu/ares_scripts/ram26_bootstrap_override_root_fix_patch_kit_v1
ram26-target-ssot-projector	online	7	2453353	/home/ubuntu/ares_current/bridges/ram26_target_ssot_projector_v1.mjs	/home/ubuntu/ares_scripts/ram26_bootstrap_override_root_fix_patch_kit_v1
ram26-feature-aggregator	online	3	1037687	/home/ubuntu/ares_current/engines/ram26/ram26_feature_aggregator_prod_v2.py	/home/ubuntu/ares_scripts/ares_full_upgrade_master_patch_kit_v1
xgb-riskflag-writer-v7	online	19	1037641	/home/ubuntu/ares_current/ops/alpha_pipeline_v2/xgb_riskflag_writer_v7.py	/home/ubuntu/ares_current
ram26-alpha-engine-v1	online	0	1077732	/usr/bin/env	/home/ubuntu/ares_current/engines/ram26
ram26-g8-bridge	online	9	1312477	/home/ubuntu/ares_current/ops/alpha_pipeline_v2/ram26_g8_bridge_v1.py	/home/ubuntu/ares_current
ares-sleeve-writer	online	0	1147632	/home/ubuntu/ares_current/external/ares_sleeve_writer.py	/home/ubuntu/ares_current
nextgen2-live	online	0	1147653	/home/ubuntu/ares_current/nextgen2/orchestrator.py	/home/ubuntu/ares_current
sleeve-allocator	online	0	1147661	/home/ubuntu/ares_current/external/sleeve_allocator.py	/home/ubuntu/ares_current
open009-ram26-g8-guard	online	1	1758839	/home/ubuntu/ares_current/guards/open009_ram26_g8_readiness_guard.mjs	/home/ubuntu/ares_current/pm2_g8_ecosystem
ecosystem_p9	online	0	1878489	/home/ubuntu/ares_current/p9/ecosystem_p9.cjs	/home/ubuntu
ops-halt-request-lifecycle-sentinel	online	0	1878752	/home/ubuntu/ares_current/p9/ops_halt_request_lifecycle_sentinel.py	/home/ubuntu
ram26-risk-rate-publisher	online	0	2454283	/home/ubuntu/ares_current/ops/ram26_risk_rate_publisher_v1.mjs	/home/ubuntu/ares_scripts/ares_ram26_contract_runtime_hardening_patch_kit_v1
kis-ws-status-synthesizer	online	0	2454503	/home/ubuntu/ares_current/external/kis_ws_status_synthesizer_v1.py	/home/ubuntu/ares_scripts/ares_ram26_contract_runtime_hardening_patch_kit_v1
